Original,Beam (6),Greedy,Beam err,Greedy err
"Is daoine óga a bhí lán fuinnimh a bhunaigh an Conradh, agus ba é Dubhghlas de hÍde an chéad uachtarán ar an Chonradh.","Is daoine óga a bhí lán fuinnimh a bhunaigh an Conradh, agus ba é Dubhghlas de Híde an chéad Uachtarán ar an Chonradh.","Is daoine óga a bhí lán fuinnimh a bhunaigh an Conradh agus ba é Dubhghlas de h, h, an chéad Uachtarán ar an Chonradh.",substitution: hÍde->Híde; substitution: uachtarán->Uachtarán,"deletion: ,; substitution: hÍde->h; insertion: ,; insertion: h; insertion: ,; substitution: uachtarán->Uachtarán"
"Bhíodh sé a' déanamh boscaidí, fosta, nach mbíonn, Aodáin; ciseáin agus rud rudaí mar sin.","Bhíodh sé a' déanamh boscaidí fosta nach mbíonn aodáin, ciseáin agus rud rudaí mar sin.","Bhíodh sé a' déanamh boscaidí fosta nach mbíonn aodáin, ciseáin agus rud rudaí mar sin.","deletion: ,; deletion: ,; insertion: aodáin; deletion: Aodáin; deletion: ;","deletion: ,; deletion: ,; insertion: aodáin; deletion: Aodáin; deletion: ;"
Tá súil agam go mbainfidh na héisteoirí sult as dhéanfaidh mé iarracht eh giota beag d'Amhrán na Scadán a cheol.,Tá súil agam go mbainfidh na héisteoirí sult as dhéanfaidh mé iarracht eh giota beag d'amhrán na scadán a cheol.,Tá súil agam go mbainfidh na héisteoirí sult as dhéanfaidh mé iarracht eh giota beag d'amhrán na scadán a cheol.,substitution: Amhrán->amhrán; substitution: Scadán->scadán,substitution: Amhrán->amhrán; substitution: Scadán->scadán
"Agus tá cothromaíocht ansin an bhfuil idir, tá a fhios agat, an coláiste samhraidh agus an pobal, tá an pobal báúil tá",Agus tá cothromaíocht ansin an bhfuil idir tá a fhios agat an Coláiste Samhraidh agus an pobal tá an pobal báúil. Tá,Agus tá cothromaíocht ansin an bhfuil idir tá a fhios agat an Coláiste Samhraidh agus an pobal tá an pobal báúil tá,"deletion: ,; deletion: ,; substitution: coláiste->Coláiste; substitution: samhraidh->Samhraidh; deletion: ,; substitution: tá->.; insertion: Tá","deletion: ,; deletion: ,; substitution: coláiste->Coláiste; substitution: samhraidh->Samhraidh; deletion: ,"
"Bhí an t-ádh dearg orainn, déarfainn go raibh an bainisteoir sásta go leor ah gur chríochnaigh an cluiche ar chomhscór.","Bhí an t-ádh dearg orainn, déarfainn go raibh an bainisteoir sásta go leor, ah, gur chríochnaigh an cluiche ar chomhscór.","Bhí an t-ádh dearg orainn, déarfainn go raibh an bainisteoir sásta go leor, ah, gur chríochnaigh an cluiche ar chomhscór.","insertion: ,; insertion: ,","insertion: ,; insertion: ,"
"Air seo, sea, sea. Agus an bhfuil an teach sin có‑, cóiríthe nó tada, as?",Air seo sea sea agus an bhfuil an teach sin có cóiríthe nó tada as?,Air seo sea sea agus an bhfuil an teach sin có cóiríthe nó tada as?,"deletion: ,; deletion: ,; substitution: .->agus; deletion: Agus; deletion: ‑; deletion: ,; deletion: ,","deletion: ,; deletion: ,; substitution: .->agus; deletion: Agus; deletion: ‑; deletion: ,; deletion: ,"
"A! níl ao‑, dódh, f‑, e‑ Bhí, bhí dóiteán ann 1998.","a Níl ao dódh f e bhí bhí dóiteán ann, 1998.",A: Níl ao dódh f e bhí bhí dóiteán ann 1998.,"substitution: A->a; substitution: !->Níl; deletion: níl; deletion: ‑; deletion: ,; deletion: ,; deletion: ‑; deletion: ,; substitution: ‑->bhí; deletion: Bhí; deletion: ,; insertion: ,","substitution: !->:; substitution: níl->Níl; deletion: ‑; deletion: ,; deletion: ,; deletion: ‑; deletion: ,; substitution: ‑->bhí; deletion: Bhí; deletion: ,"
"Agus an mbeadh obair mhór oraibh ansin, dhá, ag baint an tuí agus, Ar chaith‑, chaith‑",Agus an mbeadh obair mhór oraibh ansin dhá ag baint an tuí agus ar chaith chaith,Agus an mbeadh obair mhór oraibh ansin dhá ag baint an tuí agus ar chaith chaith,"deletion: ,; deletion: ,; substitution: ,->ar; deletion: Ar; deletion: ‑; deletion: ,; deletion: ‑","deletion: ,; deletion: ,; substitution: ,->ar; deletion: Ar; deletion: ‑; deletion: ,; deletion: ‑"
"Sea ach bheadh, bheadh scr‑, bheadh scraith ar an seanteach ann thuas sa tuí freisin. Sén ch‑ Chuirfeá suas an scraith air shul má chuirfeá aon díon ar bith air.",Sea ach bheadh bheadh scr bheadh scraith ar an seanteach ann thuas sa tuí freisin sén ch chuirfeá suas an scraith air shul má chuirfeá aon díon ar bith air.,"Sea ach bheadh bheadh scr bheadh scraith ar an seanteach ann thuas sa tuí freisin, sén ch chuirfeá suas an scraith air shul má chuirfeá aon díon ar bith air.","deletion: ,; deletion: ‑; deletion: ,; substitution: .->sén; deletion: Sén; substitution: ‑->chuirfeá; deletion: Chuirfeá","deletion: ,; deletion: ‑; deletion: ,; substitution: .->,; substitution: Sén->sén; substitution: ‑->chuirfeá; deletion: Chuirfeá"
"U‑ bhuel en. Sin é an a thugann siad air. Seobh é an, an ceann a chuireanns iad, an",U bhuel en sin é an a thugann siad air seobh é an an ceann a chuireanns iad an,U bhuel en sin é an a thugann siad air seobh é an an ceann a chuireanns iad an,"deletion: ‑; substitution: .->sin; deletion: Sin; substitution: .->seobh; deletion: Seobh; deletion: ,; deletion: ,","deletion: ‑; substitution: .->sin; deletion: Sin; substitution: .->seobh; deletion: Seobh; deletion: ,; deletion: ,"
"Agus em, ar cuimhneach leat, cén, cén uair, cén aois a bhí tú nuair a thosaigh tú ag an scoil?",Agus em ar cuimhneach leat cén cén uair cén aois a bhí tú nuair a thosaigh tú ag an scoil?,Agus em ar cuimhneach leat cén cén uair cén aois a bhí tú nuair a thosaigh tú ag an scoil?,"deletion: ,; deletion: ,; deletion: ,; deletion: ,","deletion: ,; deletion: ,; deletion: ,; deletion: ,"
"Ó! bhí Béarla, acú sin i mBaile Chláir. Bhí, mar déarfá, níos mó ná bhí, Ní raibh, ní raibh mórán Béarla ar an mbaile seo ar chor ar bith.",Ó bhí Béarla acú sin i mBaile Chláir bhí mar déarfá níos mó ná bhí ní raibh ní raibh mórán Béarla ar an mbaile seo ar chor ar bith.,Ó bhí Béarla acú sin i mBaile Chláir bhí mar déarfá níos mó ná bhí ní raibh ní raibh mórán Béarla ar an mbaile seo ar chor ar bith.,"deletion: !; deletion: ,; substitution: .->bhí; deletion: Bhí; deletion: ,; deletion: ,; substitution: ,->ní; deletion: Ní; deletion: ,","deletion: !; deletion: ,; substitution: .->bhí; deletion: Bhí; deletion: ,; deletion: ,; substitution: ,->ní; deletion: Ní; deletion: ,"
"Bhí ma‑, Béarla maith go leor ag m'athair ach an, an, r‑, an aois ro‑, roimhe sin, ní raibh Béarla ar bith acú.",Bhí ma Béarla maith go leor ag m'athair ach an an r an aois ro roimhe sin ní raibh Béarla ar bith acú.,Bhí Ma Béarla maith go leor ag m'athair ach an an R an aois ro roimhe sin ní raibh Béarla ar bith acú.,"deletion: ‑; deletion: ,; deletion: ,; deletion: ,; deletion: ‑; deletion: ,; deletion: ‑; deletion: ,; deletion: ,","substitution: ma->Ma; deletion: ‑; deletion: ,; deletion: ,; substitution: ,->R; deletion: r; deletion: ‑; deletion: ,; deletion: ‑; deletion: ,; deletion: ,"
"Ach, ní raibh, ní raibh Bhí chuile, bhí chuile shórt mur, go, Agus thosaigh muid, thosaigh muid ag foghlaim an Bhéarla as an leabhar Béarla, mar déarfá.",Ach ní raibh ní raibh bhí chuile bhí chuile shórt mur go agus thosaigh muid thosaigh muid ag foghlaim an Bhéarla as an leabhar Béarla mar déarfá.,"Ach ní raibh, ní raibh, bhí chuile, bhí chuile shórt mur go agus thosaigh muid, thosaigh muid ag foghlaim an Bhéarla as an leabhar Béarla mar déarfá.","deletion: ,; deletion: ,; substitution: Bhí->bhí; deletion: ,; deletion: ,; substitution: ,->agus; deletion: Agus; deletion: ,; deletion: ,","deletion: ,; substitution: Bhí->,; insertion: bhí; deletion: ,; substitution: ,->agus; deletion: Agus; deletion: ,"
"Sea. Le fanacht le haghaidh ag obair agus, bhí an dreatháir eile ansin, Séamas a cailleadh anuraidh, bhí sé sin, fuaigh sé sin ag obair dhon.",Sea le fanacht le haghaidh ag obair agus bhí an dreatháir eile ansin Séamas a cailleadh anuraidh. Bhí sé sin fuaigh sé sin ag obair dhon,"Sea, le fanacht le haghaidh ag obair agus bhí an dreatháir eile ansin Séamas a cailleadh anuraidh, bhí sé sin fuaigh sé sin ag obair dhon","substitution: .->le; deletion: Le; deletion: ,; deletion: ,; substitution: ,->.; substitution: bhí->Bhí; deletion: ,; deletion: .","substitution: .->,; substitution: Le->le; deletion: ,; deletion: ,; deletion: ,; deletion: ."
"E- sea bhí, bhí, bhí muid in ann scór a dhéanamh i Sasanaibh. Thabharfá, thabharfá airgead abhailí as Sasanaibh th'éis na trí mhí.",Sea bhí bhí bhí muid in ann scór a dhéanamh i Sasanaibh thabharfá thabharfá airgead abhailí as Sasanaibh th'éis na trí mhí.,Sea bhí bhí bhí muid in ann scór a dhéanamh i Sasanaibh thabharfá thabharfá airgead abhailí as Sasanaibh th'éis na trí mhí.,"substitution: E->Sea; deletion: -; deletion: sea; deletion: ,; deletion: ,; substitution: .->thabharfá; deletion: Thabharfá; deletion: ,","substitution: E->Sea; deletion: -; deletion: sea; deletion: ,; deletion: ,; substitution: .->thabharfá; deletion: Thabharfá; deletion: ,"
"E- tá, tá sé ina ch-, tá sé ag múnadh istigh i scoil, i. má tá aon aithne agad air. Agus en, níl aon Ghaeilge mhaith acú.",Tá tá sé ina ch- tá sé ag múnadh istigh i scoil i má tá aon aithne agad air agus en níl aon Ghaeilge mhaith acú.,Tá tá sé ina ch- tá sé ag múnadh istigh i scoil i má tá aon aithne agad air agus en níl aon Ghaeilge mhaith acú.,"substitution: E->Tá; deletion: -; deletion: tá; deletion: ,; deletion: ,; deletion: ,; deletion: .; substitution: .->agus; deletion: Agus; deletion: ,","substitution: E->Tá; deletion: -; deletion: tá; deletion: ,; deletion: ,; deletion: ,; deletion: .; substitution: .->agus; deletion: Agus; deletion: ,"
"má dhéanann tú d'obair bhaile agus má tá tú ag éisteacht sa rang, bíonn, tá sé ceart go leor.",Má dhéanann tú d'obair bhaile agus má tá tú ag éisteacht sa rang bíonn tá sé ceart go leor.,Má dhéanann tú d'obair bhaile agus má tá tú ag éisteacht sa rang bíonn tá sé ceart go leor.,"substitution: má->Má; deletion: ,; deletion: ,","substitution: má->Má; deletion: ,; deletion: ,"
"i Ros Muc. Mar tá Ros Muc fíorbheag. B'fhéidir, tá mé ag cheapadh go bhfuil ar nós, cé mhéad? Cúig chéad?",I Ros Muc mar tá Ros Muc fíorbheag b'fhéidir tá mé ag cheapadh go bhfuil ar nós cé mhéad cúig chéad,I Ros Muc mar tá Ros Muc fíorbheag b'fhéidir tá mé ag cheapadh go bhfuil ar nós cé mhéad cúig chéad,"substitution: i->I; substitution: .->mar; deletion: Mar; substitution: .->b; deletion: B; deletion: ,; deletion: ,; substitution: ?->cúig; deletion: Cúig; deletion: ?","substitution: i->I; substitution: .->mar; deletion: Mar; substitution: .->b; deletion: B; deletion: ,; deletion: ,; substitution: ?->cúig; deletion: Cúig; deletion: ?"
"Béarla. Mar nuair a bhog muid anseo, bhí sé deacair, mar níor thuig mé go leor rudaí a bhí daoiní a rá, ar nós focla móra agus",Béarla mar nuair a bhog muid anseo bhí sé deacair mar níor thuig mé go leor rudaí a bhí daoiní a rá ar nós focla móra agus,Béarla mar nuair a bhog muid anseo bhí sé deacair mar níor thuig mé go leor rudaí a bhí daoiní a rá ar nós focla móra agus,"substitution: .->mar; deletion: Mar; deletion: ,; deletion: ,; deletion: ,","substitution: .->mar; deletion: Mar; deletion: ,; deletion: ,; deletion: ,"
Sin laethanta saoire is faide a bhí agam ariamh. Ach ceapann chuile dhuine go bhfuil muid saibhir nuair a dheireanns mé leo,Sin laethanta saoire is faide a bhí agam ariamh ach ceapann chuile dhuine go bhfuil muid saibhir nuair a dheireanns mé leo.,Sin laethanta saoire is faide a bhí agam ariamh ach ceapann chuile dhuine go bhfuil muid saibhir nuair a dheireanns mé leo.,substitution: .->ach; deletion: Ach; insertion: .,substitution: .->ach; deletion: Ach; insertion: .
"go raibh mé i Meiriceá. Ach bhí muid ag fanacht le, an bhfuil fhios agat, teaghlach, ní chomhaireann sé i ndáiríre.",go raibh mé i Meiriceá ach bhí muid ag fanacht le an bhfuil fhios agat teaghlach ní chomhaireann sé i ndáiríre,go raibh mé i Meiriceá ach bhí muid ag fanacht le an bhfuil fhios agat teaghlach ní chomhaireann sé i ndáiríre,"substitution: .->ach; deletion: Ach; deletion: ,; deletion: ,; deletion: ,; deletion: .","substitution: .->ach; deletion: Ach; deletion: ,; deletion: ,; deletion: ,; deletion: ."
"fíorbheag, ar nós, A! tá sé craiceáilte. Níl tú in ann daoiní a fheiceál ar chor bith.",Fíorbheag ar nós a tá sé craiceáilte níl tú in ann daoiní a fheiceál ar chor bith.,fíorbheag ar nós a tá sé craiceáilte níl tú in ann daoiní a fheiceál ar chor bith.,"substitution: fíorbheag->Fíorbheag; deletion: ,; substitution: ,->a; deletion: A; deletion: !; substitution: .->níl; deletion: Níl","deletion: ,; substitution: ,->a; deletion: A; deletion: !; substitution: .->níl; deletion: Níl"
Tá rud éigin fúthu. B'fhéidir mar gheall nach bhfuil mórán cineál cúltúr acu i ndáiríre.,"Tá rud éigin fúthu, b'fhéidir, mar gheall nach bhfuil mórán cineál cúltúr acu i ndáiríre.","Tá rud éigin fúthu, b'fhéidir, mar gheall nach bhfuil mórán cineál cúltúr acu i ndáiríre.","substitution: .->,; substitution: B->b; insertion: ,","substitution: .->,; substitution: B->b; insertion: ,"
"Ach ní dhearna mé é sin ariamh. Bhí sé fíormhaith. Mar bhí mise scanraithe ag an tús. Ní raibh, níor cheap mé go mbeinn in ann aige.","Ach ní dhearna mé é sin ariamh, bhí sé fíormhaith mar bhí mise scanraithe ag an tús, ní raibh, níor cheap mé go mbeinn in ann aige.","Ach ní dhearna mé é sin ariamh, bhí sé fíormhaith mar bhí mise scanraithe ag an tús ní raibh níor cheap mé go mbeinn in ann aige.","substitution: .->,; substitution: Bhí->bhí; substitution: .->mar; deletion: Mar; substitution: .->,; substitution: Ní->ní","substitution: .->,; substitution: Bhí->bhí; substitution: .->mar; deletion: Mar; substitution: .->ní; deletion: Ní; deletion: ,"
"aici. Agus tá sise, tá teach mór millteach aici. Tá sí saibhir, agus dúirt sí go bhfuil, má íocann muid í, tá muid in ann",aici agus tá sise tá teach mór millteach aici. Tá sí saibhir agus dúirt sí go bhfuil má íocann muid í tá muid in ann,aici agus tá sise tá teach mór millteach aici. Tá sí saibhir agus dúirt sí go bhfuil má íocann muid í tá muid in ann,"substitution: .->agus; deletion: Agus; deletion: ,; deletion: ,; deletion: ,; deletion: ,","substitution: .->agus; deletion: Agus; deletion: ,; deletion: ,; deletion: ,; deletion: ,"
"Sea. 'Dúin do bhéal!' níl sé deacair. Bhuel, tá sé deacair le haghaidh daoiní áirthid, ach níl sé chomh deacair is a bhéas rudaí.","Sea, 'dúin do bhéal, níl sé deacair, bhuel, tá sé deacair le haghaidh daoiní áirthid ach níl sé chomh deacair is a bhéas rudaí.","Sea, 'dúin do bhéal, níl sé deacair, bhuel, tá sé deacair le haghaidh daoiní áirthid ach níl sé chomh deacair is a bhéas rudaí.","substitution: .->,; substitution: Dúin->dúin; substitution: !->,; deletion: '; substitution: .->,; substitution: Bhuel->bhuel; deletion: ,","substitution: .->,; substitution: Dúin->dúin; substitution: !->,; deletion: '; substitution: .->,; substitution: Bhuel->bhuel; deletion: ,"
"ndearna siad go maith? Bhuel, tá bealaí eile ann, nótaí agus rudaí. Ach tá sé i bhfad níos éasca againne.",ndearna siad go maith bhuel tá bealaí eile ann nótaí agus rudaí ach tá sé i bhfad níos éasca againne.,ndearna siad go maith bhuel tá bealaí eile ann nótaí agus rudaí ach tá sé i bhfad níos éasca againne.,"substitution: ?->bhuel; deletion: Bhuel; deletion: ,; deletion: ,; substitution: .->ach; deletion: Ach","substitution: ?->bhuel; deletion: Bhuel; deletion: ,; deletion: ,; substitution: .->ach; deletion: Ach"
"meascthaí suas. Díreach go leor acu. Ansin ar, tá siad uilig, díreach, curtha ansin, an chaoi a",meascthaí suas díreach go leor acu ansin ar tá siad uilig díreach curtha ansin an chaoi a,meascthaí suas díreach go leor acu ansin ar tá siad uilig díreach curtha ansin an chaoi a,"substitution: .->díreach; deletion: Díreach; substitution: .->ansin; deletion: Ansin; deletion: ,; deletion: ,; deletion: ,; deletion: ,","substitution: .->díreach; deletion: Díreach; substitution: .->ansin; deletion: Ansin; deletion: ,; deletion: ,; deletion: ,; deletion: ,"
"agus rudaí mar sin. Ach ansin nuair atá tú ann, tá tú in ann breathnú thart agus tá chuile dhuine ansin",Agus rudaí mar sin ach ansin nuair atá tú ann tá tú in ann breathnú thart agus tá chuile dhuine ansin.,Agus rudaí mar sin ach ansin nuair atá tú ann tá tú in ann breathnú thart agus tá chuile dhuine ansin.,"substitution: agus->Agus; substitution: .->ach; deletion: Ach; deletion: ,; insertion: .","substitution: agus->Agus; substitution: .->ach; deletion: Ach; deletion: ,; insertion: ."
"agus tá siad fíormhaith, fíorghreannmhar. Ar nós, tá mé in ann éisteacht leis na hamhráin aríst agus aríst eile agus níl siad leadránach.",Agus tá siad fíormhaith fíorghreannmhar ar nós tá mé in ann éisteacht leis na hamhráin aríst agus aríst eile agus níl siad leadránach.,"Agus tá siad fíormhaith, fíorghreannmhar ar nós tá mé in ann éisteacht leis na hamhráin aríst agus aríst eile agus níl siad leadránach.","substitution: agus->Agus; deletion: ,; substitution: .->ar; deletion: Ar; deletion: ,","substitution: agus->Agus; substitution: .->ar; deletion: Ar; deletion: ,"
"cineál, bheag a dhéanamh iad fhéin. Mar gheall, sea, mar, sna Sé Chondae, tá i bhfad níos mó, tá siad i bhfad, tá siad ag iarraidh Gaeilge a labhairt",cineál bheag a dhéanamh iad fhéin mar gheall sea mar sna Sé Chondae tá i bhfad níos mó tá siad i bhfad tá siad ag iarraidh Gaeilge a labhairt,cineál bheag a dhéanamh iad fhéin mar gheall sea mar sna Sé Chondae tá i bhfad níos mó tá siad i bhfad tá siad ag iarraidh Gaeilge a labhairt,"deletion: ,; substitution: .->mar; deletion: Mar; deletion: ,; deletion: ,; deletion: ,; deletion: ,; deletion: ,; deletion: ,","deletion: ,; substitution: .->mar; deletion: Mar; deletion: ,; deletion: ,; deletion: ,; deletion: ,; deletion: ,; deletion: ,"
"níl sé faiseanta. Ach tá sé níos faiseanta ansin. Mar tá siad ag rá 'Ó! tá mise ag dul in aghaidh an,'","Níl sé faiseanta ach tá sé níos faiseanta ansin mar tá siad ag rá, 'Ó, tá mise ag dul in aghaidh an'.","Níl sé faiseanta ach tá sé níos faiseanta ansin mar tá siad ag rá, 'Ó, tá mise ag dul in aghaidh an'.","substitution: níl->Níl; substitution: .->ach; deletion: Ach; substitution: .->mar; deletion: Mar; insertion: ,; substitution: !->,; deletion: ,; insertion: .","substitution: níl->Níl; substitution: .->ach; deletion: Ach; substitution: .->mar; deletion: Mar; insertion: ,; substitution: !->,; deletion: ,; insertion: ."
"Ó! sea, sea. A! ní fhaca tú, ní fhaca tusa Bhuel chonaic tú Colm Mháirtín.","Ó sea sea. A, ní fhaca tú, ní fhaca tusa, bhuel chonaic tú Colm Mháirtín.","Ó sea sea. A, ní fhaca tú, ní fhaca tusa, bhuel chonaic tú Colm Mháirtín.","deletion: !; deletion: ,; substitution: !->,; substitution: Bhuel->,; insertion: bhuel","deletion: !; deletion: ,; substitution: !->,; substitution: Bhuel->,; insertion: bhuel"
"Ach níl fhios agam beirthe ná beo ná baiste anois, cén fáth go dtáinig siad sin isteach i mo chloigeann, thréis na mblianta frae chéile.",Ach níl fhios agam beirthe ná beo ná baiste anois cén fáth go dtáinig siad sin isteach i mo chloigeann thréis na mblianta frae chéile.,Ach níl fhios agam beirthe ná beo ná baiste anois cén fáth go dtáinig siad sin isteach i mo chloigeann thréis na mblianta frae chéile.,"deletion: ,; deletion: ,","deletion: ,; deletion: ,"
"""Anois,"" arsa Aindí, ""níl ann ach rud beag craice. Níl mórán airgid ag Bríd. Tá sí ag déanamh a díchill.""","Anois, arsa Aindí, níl ann ach rud beag craice, níl mórán airgid ag Bríd, tá sí ag déanamh a díchill.","Anois, arsa Aindí, níl ann ach rud beag craice, níl mórán airgid ag Bríd, tá sí ag déanamh a díchill.","deletion: ""; deletion: ""; deletion: ""; substitution: .->,; substitution: Níl->níl; substitution: .->,; substitution: Tá->tá; deletion: ""","deletion: ""; deletion: ""; deletion: ""; substitution: .->,; substitution: Níl->níl; substitution: .->,; substitution: Tá->tá; deletion: """
"Bhuel ansin, seobh é an cochall, tháining ceo anuas ó na flaithis. Agus e‑, chuaigh an talamh frae chéile, agus d'éalaigh siadsan.",Bhuel ansin seobh é an cochall tháining ceo anuas ó na flaithis agus e chuaigh an talamh frae chéile agus d'éalaigh siadsan.,Bhuel ansin seobh é an cochall tháining ceo anuas ó na flaithis agus e chuaigh an talamh frae chéile agus d'éalaigh siadsan.,"deletion: ,; deletion: ,; substitution: .->agus; deletion: Agus; deletion: ‑; deletion: ,; deletion: ,","deletion: ,; deletion: ,; substitution: .->agus; deletion: Agus; deletion: ‑; deletion: ,; deletion: ,"
"Ba scéal fíor a bhí ann. Bhí mo, bhí, sprid mo dhuine ag, bhí an díoltas beartaithe aige dhó. Agus e‑, babh in é é.","Ba scéal fíor a bhí ann, bhí mo bhí sprid mo dhuine ag bhí an díoltas beartaithe aige dhó agus e babh in é é.","Ba scéal fíor a bhí ann, bhí mo bhí sprid mo dhuine ag bhí an díoltas beartaithe aige dhó agus e babh in é é.","deletion: .; deletion: Bhí; deletion: mo; substitution: ,->mo; insertion: bhí; deletion: ,; substitution: .->agus; deletion: Agus; deletion: ‑; deletion: ,","deletion: .; deletion: Bhí; deletion: mo; substitution: ,->mo; insertion: bhí; deletion: ,; substitution: .->agus; deletion: Agus; deletion: ‑; deletion: ,"
"Bhuel ar ndóigh, e‑ le mo linn féin, ghabhfá isteach i mbosca an fhaoistean. Ach, ghabhfá ar do dhá ghlúin. Chuirfí breithiúnas aithrí ort.","Bhuel, ar ndóigh, e le mo linn féin ghabhfá isteach i mbosca an fhaoistean ach ghabhfá ar do dhá ghlúin, chuirfí breithiúnas aithrí ort.","Bhuel, ar ndóigh, e le mo linn féin ghabhfá isteach i mbosca an fhaoistean ach ghabhfá ar do dhá ghlúin, chuirfí breithiúnas aithrí ort.","insertion: ,; deletion: ‑; deletion: ,; substitution: .->ach; deletion: Ach; deletion: ,; substitution: .->,; substitution: Chuirfí->chuirfí","insertion: ,; deletion: ‑; deletion: ,; substitution: .->ach; deletion: Ach; deletion: ,; substitution: .->,; substitution: Chuirfí->chuirfí"
"Ach e‑, ní e‑, bhuel, níor dhúirt Mac Dé ar chuma ar bith, a leithéide sin dhe bhreithiúnas aithrí a chuir ar aon nduine.",Ach e ní e bhuel níor dhúirt Mac Dé ar chuma ar bith a leithéide sin dhe bhreithiúnas aithrí a chuir ar aon nduine.,Ach e ní e bhuel níor dhúirt Mac Dé ar chuma ar bith a leithéide sin dhe bhreithiúnas aithrí a chuir ar aon nduine.,"deletion: ‑; deletion: ,; deletion: ‑; deletion: ,; deletion: ,; deletion: ,","deletion: ‑; deletion: ,; deletion: ‑; deletion: ,; deletion: ,; deletion: ,"
Ó! 'uise b'fhéidir go Dar Dia b'aisteach an áit a ndeachaigh sé siúd ar chuma ar bith.,"Ó 'uise, b'fhéidir go dar Dia, b'aisteach an áit a ndeachaigh sé siúd ar chuma ar bith.","Ó 'uise, b'fhéidir go dar Dia, b'aisteach an áit a ndeachaigh sé siúd ar chuma ar bith.","deletion: !; insertion: ,; substitution: Dar->dar; insertion: ,","deletion: !; insertion: ,; substitution: Dar->dar; insertion: ,"
"‑M'anam muise go bhfuil, tá, a deir sé. Á! muise go, nach móide go bhfuil, a déarfadh mo dhuine, m'anam nach móide go bhfuil.",M'anam muise go bhfuil tá a deir sé á muise go nach móide go bhfuil a déarfadh mo dhuine m'anam nach móide go bhfuil,M'anam muise go bhfuil tá a deir sé á muise go nach móide go bhfuil a déarfadh mo dhuine m'anam nach móide go bhfuil,"deletion: ‑; deletion: ,; deletion: ,; substitution: .->á; deletion: Á; deletion: !; deletion: ,; deletion: ,; deletion: ,; deletion: .","deletion: ‑; deletion: ,; deletion: ,; substitution: .->á; deletion: Á; deletion: !; deletion: ,; deletion: ,; deletion: ,; deletion: ."
"Caismirt an Phótaire leis an Uisce Beatha, Amhráin Mhuighe Seola, lch 110: Eibhlín Bean Mhic Choisdealbha 1918",Caismirt an Phótaire leis an Uisce Beatha Amhráin Mhuighe Seola lch 110: Eibhlín Bean Mhic Choisdealbha 1918,"Caismirt an Phótaire leis an Uisce Beatha Amhráin Mhuighe Seola lch 110: Eibhlín Bean Mhic Choisdealbha, 1918.","deletion: ,; deletion: ,","deletion: ,; deletion: ,; insertion: ,; insertion: ."
"B'fhéidir go, thabharfaidís leob é ag nó áit éigin é nó e‑ d'íocfaidís an dhó b'fhéidir nó",B'fhéidir go thabharfaidís leob é ag nó áit éigin é nó e d'íocfaidís an dhó b'fhéidir nó,B'fhéidir go thabharfaidís leob é ag nó áit éigin é nó e d'íocfaidís an dhó b'fhéidir nó,"deletion: ,; deletion: ‑","deletion: ,; deletion: ‑"
M'anam nach bhfuil fhios agam anois ach bhí sé ráite ar chuma ar bith. M'anam go raibh sé ráite.,M'anam nach bhfuil fhios agam anois ach bhí sé ráite ar chuma ar bith m'anam go raibh sé ráite.,M'anam nach bhfuil fhios agam anois ach bhí sé ráite ar chuma ar bith m'anam go raibh sé ráite.,substitution: .->m; deletion: M,substitution: .->m; deletion: M
"N. Ach bhí na mallachtaí ann freisin. Ar ndóigh, is dóichí go bhfuil sé cloistí ag chuile dhuine faoi, faoi, mar a, chuir an sagart mallacht ar na Blácaigh.","n Ach bhí na mallachtaí ann freisin, ar ndóigh, is dóichí go bhfuil sé cloistí ag chuile dhuine faoi faoi mar a chuir an sagart mallacht ar na Blácaigh.","n Ach bhí na mallachtaí ann freisin, ar ndóigh, is dóichí go bhfuil sé cloistí ag chuile dhuine faoi faoi mar a chuir an sagart mallacht ar na Blácaigh.","substitution: N->n; deletion: .; substitution: .->,; substitution: Ar->ar; deletion: ,; deletion: ,; deletion: ,","substitution: N->n; deletion: .; substitution: .->,; substitution: Ar->ar; deletion: ,; deletion: ,; deletion: ,"
"‑Tá go maith, a deir fear an ósta, ach gheofaidh tú do dheoch agus bíodh, tabharfaidh tú anuas do bhanbh agamsa anseo ar maidin.","Tá go maith, a deir fear an ósta, ach gheofaidh tú do dheoch agus bíodh tabharfaidh tú anuas do bhanbh agamsa anseo ar maidin.","Tá go maith, a deir fear an ósta, ach gheofaidh tú do dheoch agus bíodh tabharfaidh tú anuas do bhanbh agamsa anseo ar maidin.","deletion: ‑; deletion: ,","deletion: ‑; deletion: ,"
"Á! a dheabhail, ní hé. Faoin, bhíodar ag caint faoi Bé‑, ag caint ar an mBéarla. Ní raibh aon Bhéarla","Á, a dheabhail, ní hé faoin bhíodar ag caint faoi bé ag caint ar an mBéarla, ní raibh aon Bhéarla.","Á, a dheabhail, ní hé faoin bhíodar ag caint faoi bé ag caint ar an mBéarla, ní raibh aon Bhéarla.","substitution: !->,; substitution: .->faoin; deletion: Faoin; deletion: ,; substitution: Bé->bé; deletion: ‑; deletion: ,; substitution: .->,; substitution: Ní->ní; insertion: .","substitution: !->,; substitution: .->faoin; deletion: Faoin; deletion: ,; substitution: Bé->bé; deletion: ‑; deletion: ,; substitution: .->,; substitution: Ní->ní; insertion: ."
"Ní raibh, a dheabhail, ní raibh. Nó dhá mbeadh, ar ndóigh, ní labhair‑, ar an gcaoi sin.","Ní raibh a dheabhail, ní raibh nó dhá mbeadh, ar ndóigh, ní labhair ar an gcaoi sin.","Ní raibh a dheabhail, ní raibh nó dhá mbeadh, ar ndóigh, ní labhair ar an gcaoi sin.","deletion: ,; substitution: .->nó; deletion: Nó; deletion: ‑; deletion: ,","deletion: ,; substitution: .->nó; deletion: Nó; deletion: ‑; deletion: ,"
"Ó! bhí, bhí, bhí, bhí muis. Bhí. Agus sa gceárta a dhéantaí iad, nach ea?",Ó bhí bhí bhí bhí muis bhí agus sa gceárta a dhéantaí iad nach ea?,Ó bhí bhí bhí bhí muis bhí agus sa gceárta a dhéantaí iad nach ea?,"deletion: !; deletion: ,; deletion: ,; deletion: ,; substitution: .->bhí; substitution: Bhí->agus; deletion: .; deletion: Agus; deletion: ,","deletion: !; deletion: ,; deletion: ,; deletion: ,; substitution: .->bhí; substitution: Bhí->agus; deletion: .; deletion: Agus; deletion: ,"
5. Theastaigh uaidh a scíth a ligeadh agus cúpla deoch a bheith aige sa tigh tábhairne áitiúil.,5. Theastaigh uaidh a scíth a ligeadh agus cúpla deoch a bheith aige sa tigh tábhairne áitiúil.,5. Theastaigh uaidh a scíth a ligeadh agus cúpla deoch a bheith aige sa tigh tábhairne áitiúil.,,
"32. Agus le sin thit an Gael Ceilteach ina chnap, gan aithne, gan urlabhra",32. Agus le sin thit an Gael Ceilteach ina chnap gan aithne gan urlabhra.,32. Agus le sin thit an Gael Ceilteach ina chnap gan aithne gan urlabhra.,"deletion: ,; deletion: ,; insertion: .","deletion: ,; deletion: ,; insertion: ."
"Ach, a Liam, an léiriú maith é an Comórtas Eoraifíse ar an gcineál ceoil a mbíonn daoine ag éisteacht leis sa lá atá inniu ann, i ndáiríre?","Ach a Liam, an léiriú maith é an Comórtas Eoraifíse ar an gcineál ceoil a mbíonn daoine ag éisteacht leis sa lá atá inniu ann i ndáiríre.","Ach a Liam, an léiriú maith é an Comórtas Eoraifíse ar an gcineál ceoil a mbíonn daoine ag éisteacht leis sa lá atá inniu ann i ndáiríre.","deletion: ,; deletion: ,; substitution: ?->.","deletion: ,; deletion: ,; substitution: ?->."
"Ach is iad siúd na heisceachtaí mar a luaigh muid ar ball! Inis dom, a Liam, cén bunús atá leis an gcomórtas seo?","Ach is iad siúd na heisceachtaí mar a luaigh muid ar ball. Inis dom, a Liam, cén bunús atá leis an gcomórtas seo?","Ach is iad siúd na heisceachtaí mar a luaigh muid ar ball. Inis dom, a Liam, cén bunús atá leis an gcomórtas seo?",substitution: !->.,substitution: !->.
"Ceart go leor, bhuel, mar a dúirt tú ansin Tomaí, tá pobal láidir Gaeilge anseo ar an tSráth Bán agus tá eagraíocht láidir anseo fosta mar","Ceart go leor. Bhuel, mar a dúirt tú ansin, Tomaí, tá pobal láidir Gaeilge anseo ar an tSráth Bán agus tá eagraíocht láidir anseo fosta mar","Ceart go leor. Bhuel, mar a dúirt tú ansin, Tomaí, tá pobal láidir Gaeilge anseo ar an tSráth Bán agus tá eagraíocht láidir anseo fosta mar","substitution: ,->.; substitution: bhuel->Bhuel; insertion: ,","substitution: ,->.; substitution: bhuel->Bhuel; insertion: ,"
"háiseanna atá ar fáil sa cheantar seachas muid féin a bheith cuachta istigh inár n-áit bheag féin. Le dhá oíche anuas, bhí thart fá 500 duine i láthair",háiseanna atá ar fáil sa cheantar seachas muid féin a bheith cuachta istigh inár n-áit bheag féin le dhá oíche anuas bhí thart fá 500 duine i láthair.,háiseanna atá ar fáil sa cheantar seachas muid féin a bheith cuachta istigh inár n-áit bheag féin le dhá oíche anuas bhí thart fá 500 duine i láthair.,"substitution: .->le; deletion: Le; deletion: ,; insertion: .","substitution: .->le; deletion: Le; deletion: ,; insertion: ."
"Iontach maith, iontach maith ar fad. Agus an raibh tinte cnámh agus a leithéid mar chuid den nósmhaireacht?","Iontach maith, iontach maith ar fad. Agus an raibh tinte cnámh agus a leithéid mar chuid den nósmhaireacht?","Iontach maith, iontach maith ar fad agus an raibh tinte cnámh agus a leithéid mar chuid den nósmhaireacht?",,substitution: .->agus; deletion: Agus
Agus a' bhfuil baint ag- cé chomh mór agus atá baint ag fearg leis sin?,Agus a' bhfuil baint ag- cé chomh mór agus atá baint ag fearg leis sin?,Agus a' bhfuil baint ag- cé chomh mór agus atá baint ag fearg leis sin?,,
"ina suí fá na tithe agus gan mórán le déanamh. Eh cineál de caitheamh aimsire a bheadh ann chomh maith le achan rud eile, is dócha.",Ina suí fá na tithe agus gan mórán le déanamh eh cineál de caitheamh aimsire a bheadh ann chomh maith le achan rud eile is dócha.,Ina suí fá na tithe agus gan mórán le déanamh eh cineál de caitheamh aimsire a bheadh ann chomh maith le achan rud eile is dócha.,"substitution: ina->Ina; substitution: .->eh; deletion: Eh; deletion: ,","substitution: ina->Ina; substitution: .->eh; deletion: Eh; deletion: ,"
"Mar sin, chuaigh sí féin amach ar maidin agus thóg sí an bruscar ar fad a d'inis sí dúinn.",Mar sin chuaigh sí féin amach ar maidin agus thóg sí an bruscar ar fad a d'inis sí dúinn.,Mar sin chuaigh sí féin amach ar maidin agus thóg sí an bruscar ar fad a d'inis sí dúinn.,"deletion: ,","deletion: ,"
An bhfuil sibh ag earcú níos mó banaltraí agus a leithéid anois ehm nuair atá an cead sin tugtha?,An bhfuil sibh ag earcú níos mó banaltraí agus a leithéid anois ehm nuair atá an cead sin tugtha?,An bhfuil sibh ag earcú níos mó banaltraí agus a leithéid anois ehm nuair atá an cead sin tugtha?,,
Craoladh an t-agallamh seo an chéaduair ar RTÉ Raidió na Gaeltachta. Labhraíonn Peadar Ó Cualáin le Bairbre Nic Dhonncha faoi chúrsa oiliúna de chuid Phléaráca.,Craoladh an t-agallamh seo an chéaduair ar RTÉ Raidió na Gaeltachta. Labhraíonn Peadar Ó Cualáin le Bairbre Nic Dhonncha faoi chúrsa oiliúna de chuid Phléaráca.,Craoladh an t-agallamh seo an chéaduair ar RTÉ Raidió na Gaeltachta. Labhraíonn Peadar Ó Cualáin le Bairbre Nic Dhonncha faoi chúrsa oiliúna de chuid Phléaráca.,,
"Nuair a phós sé bean as Árainn, nó bean a raibh seilbh aici in Árainn, Caitríona Ní Ghiolla Pháraic, siar i sé déag ochtó a ceathair.","Nuair a phós sé bean as Árainn nó bean a raibh seilbh aici in Árainn, Caitríona Ní Ghiolla Pháraic, siar i sé déag ochtó a ceathair.","Nuair a phós sé bean as Árainn nó bean a raibh seilbh aici in Árainn, Caitríona Ní Ghiolla Pháraic, siar i 16 84.","deletion: ,","deletion: ,; substitution: sé->16; substitution: déag->84; deletion: ochtó; deletion: a; deletion: ceathair"
"ar nós a bhíodh muid fhéin a dhéanamh go minic, ag caint théis an aifrinn",Ar nós a bhíodh muid fhéin a dhéanamh go minic ag caint théis an Aifrinn.,Ar nós a bhíodh muid fhéin a dhéanamh go minic ag caint théis an Aifrinn.,"substitution: ar->Ar; deletion: ,; substitution: aifrinn->Aifrinn; insertion: .","substitution: ar->Ar; deletion: ,; substitution: aifrinn->Aifrinn; insertion: ."
"le Mícheál, thabharfaí bronntanas mór groíúil leo, nuair a, nuair a phósaidís, nuair a phós Maude Wynne sin, sise an bhean is mó","Le Mícheál, thabharfaí bronntanas mór groíúil leo nuair a nuair a phósaidís nuair a phós Maude Wynne sin sise an bhean is mó.","Le Mícheál, thabharfaí bronntanas mór groíúil leo nuair a nuair a phósaidís nuair a phós Maude Wynne sin sise an bhean is mó.","substitution: le->Le; deletion: ,; deletion: ,; deletion: ,; deletion: ,; insertion: .","substitution: le->Le; deletion: ,; deletion: ,; deletion: ,; deletion: ,; insertion: ."
"Tá go leor brú, agus tá chuile dhuine ag caint ar an brú seo, agus b'fhéidir an iomarca brú á chur ar ghasúir.",Tá go leor brú agus tá chuile dhuine ag caint ar an brú seo agus b'fhéidir an iomarca brú á chur ar ghasúir.,Tá go leor brú agus tá chuile dhuine ag caint ar an brú seo agus b'fhéidir an iomarca brú á chur ar ghasúir.,"deletion: ,; deletion: ,","deletion: ,; deletion: ,"
"An coiste tá sibh, tá borradh mór faoin gcoiste nach bhfuil, le, le tamall anuas?",An Coiste Tá sibh Tá borradh mór faoin gCoiste nach bhfuil le le tamall anuas.,An Coiste Tá sibh Tá borradh mór faoin gCoiste nach bhfuil le le tamall anuas.,"substitution: coiste->Coiste; substitution: tá->Tá; substitution: ,->Tá; deletion: tá; substitution: gcoiste->gCoiste; deletion: ,; deletion: ,; substitution: ?->.","substitution: coiste->Coiste; substitution: tá->Tá; substitution: ,->Tá; deletion: tá; substitution: gcoiste->gCoiste; deletion: ,; deletion: ,; substitution: ?->."
"le cúnamh Dé anois, cuirfidh sé sin deireadh leis sin, sul má thiocfas an ceann, seo chugainn, ní bheidh sé sin le rá ann",Le cúnamh Dé anois cuirfidh sé sin deireadh leis sin sul má thiocfas an ceann seo chugainn ní bheidh sé sin le rá ann.,Le cúnamh Dé anois cuirfidh sé sin deireadh leis sin sul má thiocfas an ceann seo chugainn ní bheidh sé sin le rá ann.,"substitution: le->Le; deletion: ,; deletion: ,; deletion: ,; deletion: ,; insertion: .","substitution: le->Le; deletion: ,; deletion: ,; deletion: ,; deletion: ,; insertion: ."
"Is féidir an cód leabaithe, agus dá réir sin an grianghraf, a ghreamú i réimse an téacs, a fhad is go bhfuil sé idir p agus",Is féidir an cód leabaithe agus dá réir sin an grianghraf a ghreamú i réimse an téacs a fhad is go bhfuil sé idir P agus.,Is féidir an cód leabaithe agus dá réir sin an grianghraf a ghreamú i réimse an téacs a fhad is go bhfuil sé idir P agus.,"deletion: ,; deletion: ,; deletion: ,; substitution: p->P; insertion: .","deletion: ,; deletion: ,; deletion: ,; substitution: p->P; insertion: ."
"Iontach. Anois, Róisín as Machaire Rabhartaigh, inis dom cad é atá tusa ag cruinniú airgid fá choinne.",Iontach anois Róisín as Machaire Rabhartaigh. Inis dom cad é atá tusa ag cruinniú airgid fá choinne,Iontach anois Róisín as Machaire Rabhartaigh. Inis dom cad é atá tusa ag cruinniú airgid fá choinne,"substitution: .->anois; deletion: Anois; deletion: ,; substitution: ,->.; substitution: inis->Inis; deletion: .","substitution: .->anois; deletion: Anois; deletion: ,; substitution: ,->.; substitution: inis->Inis; deletion: ."
"is cineál do gnó atá ann, ab é, an bhfuil a fhios agat ag comhoibriú lena chéile.","Is cineál do gnó atá ann, ab é, an bhfuil a fhios agat, ag comhoibriú lena chéile?","Is cineál do gnó atá ann, ab é an bhfuil a fhios agat, ag comhoibriú lena chéile.","substitution: is->Is; insertion: ,; substitution: .->?","substitution: is->Is; deletion: ,; insertion: ,"
"Mar sin, ó thús na bliana seo tá bliain níos fearr agatsa ó thaobh díol tithe dó,","Mar sin, ó thús na bliana seo tá bliain níos fearr agatsa ó thaobh díol tithe dó.","Mar sin, ó thús na bliana seo tá bliain níos fearr agatsa ó thaobh díol tithe dó.","substitution: ,->.","substitution: ,->."
"Sé. An bhfuil an bhfuil díomá ort, a Phádraig, faoi chinneadh Fhine Gael an ceannáras nár ainmnigh siad thú?",Sé An bhfuil an bhfuil díomá ort a Phádraig faoi chinneadh Fhine Gael an ceannáras nár ainmnigh siad thú?,Sé An bhfuil an bhfuil díomá ort a Phádraig faoi chinneadh Fhine Gael an ceannáras nár ainmnigh siad thú?,"deletion: .; deletion: ,; deletion: ,","deletion: .; deletion: ,; deletion: ,"
"Sé, agus ar ndóigh ceolchoirm mór de chuid na hÉireann atá ann, cuid mhór aoíonna agus ceoltóirí speisialta as Éirinn agus é dírithe mar a déarfá ar cheol na hÉireann.","Sé agus, ar ndóigh, ceolchoirm mór de chuid na hÉireann atá ann, cuid mhór aoíonna agus ceoltóirí speisialta as Éirinn agus é dírithe, mar a déarfá, ar cheol na hÉireann.","Sé agus ar ndóigh ceolchoirm mór de chuid na hÉireann atá ann, cuid mhór aoíonna agus ceoltóirí speisialta as Éirinn agus é dírithe, mar a déarfá, ar cheol na hÉireann.","insertion: agus; deletion: agus; insertion: ,; insertion: ,; insertion: ,","deletion: ,; insertion: ,; insertion: ,"
Sé. Maith go leor a Daithí. Go raibh míle maith agat. An Comhairleoir Contae Daithí Alcorn ansin.,"Sé. Maith go leor, a Daithí. Go raibh míle maith agat. An Comhairleoir Contae, Daithí Alcorn ansin.","Sé. Maith go leor, a Daithí. Go raibh míle maith agat. An Comhairleoir Contae, Daithí Alcorn ansin.","insertion: ,; insertion: ,","insertion: ,; insertion: ,"
Agus caithfear caithfear iad san a dháileadh agus ansan ba chóir go dtabharfaidh sé sin isteach Liadh Ní Riada ar an dara comhaireamh.,Agus caithfear caithfear iad san a dháileadh agus ansan ba chóir go dtabharfaidh sé sin isteach Liadh Ní Riada ar an dara comhaireamh.,Agus caithfear caithfear iad san a dháileadh agus ansan ba chóir go dtabharfaidh sé sin isteach Liadh Ní Riada ar an dara comhaireamh.,,
Agus de réir mar atháid ag déanamh a n-aigne suas fé cá raghaidh siad ar saoire,Agus de réir mar atháid ag déanamh a n-aigne suas fé cá raghaidh siad ar saoire?,Agus de réir mar atháid ag déanamh a n-aigne suas fé cá raghaidh siad ar saoire?,insertion: ?,insertion: ?
"Agus tháimid ana-bhuíoch leis le Louis Mulcahy, thá siad súd ag cur na duaiseanna ar fáil i gcomhair lá an marathon","Agus tháimid ana-bhuíoch leis le Louis Mulcahy, thá siad súd ag cur na duaiseanna ar fáil i gcomhair lá an Marathon.","Agus tháimid ana-bhuíoch leis le Louis Mulcahy, thá siad súd ag cur na duaiseanna ar fáil i gcomhair lá an Marathon.",substitution: marathon->Marathon; insertion: .,substitution: marathon->Marathon; insertion: .
"Don lá an mharatóin fhéinig. Más ea, cad, cén uimhir atháim ag glaoch amach, óna haon go dtí an cad é?",Don lá an mharatóin fhéinig más ea. Cad cén uimhir atháim ag glaoch amach óna haon go dtí an cad é?,Don lá an mharatóin fhéinig más ea. Cad cén uimhir atháim ag glaoch amach óna haon go dtí an cad é?,"insertion: más; insertion: ea; substitution: Más->Cad; deletion: ea; deletion: ,; deletion: cad; deletion: ,; deletion: ,","insertion: más; insertion: ea; substitution: Más->Cad; deletion: ea; deletion: ,; deletion: cad; deletion: ,; deletion: ,"
"""Seo dhuit,"" ar seisean. ""Cuntais an t-ór sin; agus nuair a bheas sin déanta agat tá dea-scéal agamsa le hinsint duit.""","Seo dhuit, ar seisean, cuntais an t-ór sin agus nuair a bheas sin déanta agat tá dea-scéal agamsa le hinsint duit.","Seo dhuit, ar seisean, cuntais an t-ór sin agus nuair a bheas sin déanta agat tá dea-scéal agamsa le hinsint duit.","deletion: ""; deletion: ""; substitution: .->,; substitution: ""->cuntais; deletion: Cuntais; deletion: ;; deletion: ""","deletion: ""; deletion: ""; substitution: .->,; substitution: ""->cuntais; deletion: Cuntais; deletion: ;; deletion: """
"""Más fíor sin,"" arsa Banríon na Mara, ""bliain ó inniu, pósfaidh mise thú. Ach níl cead agat buaireamh a chur orm go dtí sin.""","Más fíor sin, arsa Banríon na Mara bliain ó inniu, pósfaidh mise thú ach níl cead agat buaireamh a chur orm go dtí sin.","Más fíor sin, arsa Banríon na Mara bliain ó inniu, pósfaidh mise thú ach níl cead agat buaireamh a chur orm go dtí sin.","deletion: ""; deletion: ""; deletion: ,; deletion: ""; substitution: .->ach; deletion: Ach; deletion: ""","deletion: ""; deletion: ""; deletion: ,; deletion: ""; substitution: .->ach; deletion: Ach; deletion: """
"""Is maith mar tharla,"" arsa an fear. ""Tá mise ar lorg buachalla agus déanfaidh mé thú a fhostú go ceann míosa.""","""Is maith mar tharla,"" arsa an fear, ""tá mise ar lorg buachalla agus déanfaidh mé thú a fhostú go ceann míosa.""","""Is maith mar tharla,"" arsa an fear, ""tá mise ar lorg buachalla agus déanfaidh mé thú a fhostú go ceann míosa.""","substitution: .->,; substitution: Tá->tá","substitution: .->,; substitution: Tá->tá"
"""Tá brón orm nach dtig leis sin a bheith amhlaidh,"" arsa Mac an Iascaire. ""Tá lámh is focal idir mé féin agus cailín eile.""","""Tá brón orm nach dtig leis sin a bheith amhlaidh,"" arsa Mac an Iascaire, ""tá lámh is focal idir mé féin agus cailín eile.""","""Tá brón orm nach dtig leis sin a bheith amhlaidh,"" arsa Mac an Iascaire, ""tá lámh is focal idir mé féin agus cailín eile.""","substitution: .->,; substitution: Tá->tá","substitution: .->,; substitution: Tá->tá"
"""Glam na con i ndiaidh a sáraithe,"" arsa Conán. ""Rinne tú do dhícheall agus chaill tú.""","Glam na con i ndiaidh a sáraithe, arsa Conán, rinne tú do dhícheall agus chaill tú.","Glam na con i ndiaidh a sáraithe, arsa Conán, rinne tú do dhícheall agus chaill tú.","deletion: ""; deletion: ""; substitution: .->,; substitution: ""->rinne; deletion: Rinne; deletion: ""","deletion: ""; deletion: ""; substitution: .->,; substitution: ""->rinne; deletion: Rinne; deletion: """
"""Más fiúntach agam le rá é, is ag teitheadh as teagmháil atá mé,"" arsa Caoilte.","Más fiúntach agam le rá é is ag teitheadh as teagmháil atá mé, arsa Caoilte.","Más fiúntach agam le rá é is ag teitheadh as teagmháil atá mé, arsa Caoilte.","deletion: ""; deletion: ,; deletion: ""","deletion: ""; deletion: ,; deletion: """
"""Ó, a ghaiscígh is fearr a bhí in Éirinn riamh,"" ar siadsan, ""fan againn agus roinnfimid an ríocht leat.""","""Ó, a ghaiscígh is fearr a bhí in Éirinn riamh,"" ar siadsan, ""fan againn agus roinnfimid an ríocht leat.""","""Ó, a ghaiscígh is fearr a bhí in Éirinn riamh,"" ar siadsan, ""fan againn agus roinnfimid an ríocht leat.""",,
D'imigh an Cearrbhach arís gur tháinig sé a fhad le Dia agus gur iarr achainí eile air.,D'imigh an Cearrbhach arís gur tháinig sé a fhad le Dia agus gur iarr achainí eile air.,D'imigh an Cearrbhach arís gur tháinig sé a fhad le Dia agus gur iarr achainí eile air.,,
D'umhlaigh na fir bheaga ghlasa don bhanríon. D'inis sise dóibh go raibh an ridire óg ag imeacht chun an domhain thoir a bhaint Luibh na Draíochta.,D'umhlaigh na fir bheaga ghlasa don Bhanríon; d'inis sise dóibh go raibh an ridire óg ag imeacht chun an Domhain Thoir a bhaint luibh na draíochta.,D'umhlaigh na fir bheaga ghlasa don Bhanríon; d'inis sise dóibh go raibh an ridire óg ag imeacht chun an Domhain Thoir a bhaint luibh na draíochta.,substitution: bhanríon->Bhanríon; substitution: .->;; substitution: D->d; substitution: domhain->Domhain; substitution: thoir->Thoir; substitution: Luibh->luibh; substitution: Draíochta->draíochta,substitution: bhanríon->Bhanríon; substitution: .->;; substitution: D->d; substitution: domhain->Domhain; substitution: thoir->Thoir; substitution: Luibh->luibh; substitution: Draíochta->draíochta
"""An miste dom a fhiafraí cé thú féin nó cá bhfuil do thriall?"" ar seisean.","""An miste dom a fhiafraí cé thú féin nó cá bhfuil do thriall?"" ar seisean.","An miste dom a fhiafraí cé thú féin nó cá bhfuil do thriall, ar seisean.",,"deletion: ""; substitution: ?->,; deletion: """
"""Maise, níl aithne agam ort,"" ar sise. ''An miste dom a fhiafraí cárb as thú?""","Maise, níl aithne agam ort, ar sise, ''an miste dom a fhiafraí cárb as thú?","Maise, níl aithne agam ort, ar sise, ''an miste dom a fhiafraí cárb as thú?","deletion: ""; deletion: ""; substitution: .->,; substitution: An->an; deletion: ""","deletion: ""; deletion: ""; substitution: .->,; substitution: An->an; deletion: """
"""Tá an leathar chomh gann sin ar an bhaile mhór gur thug lucht gréasaíochta lán mála óir dom ar sheithe mo chapaill,"" arsa Cathal Óg.","""Tá an leathar chomh gann sin ar an bhaile mhór gur thug lucht gréasaíochta lán mála óir dom ar sheithe mo chapaill,"" arsa Cathal Óg.","""Tá an leathar chomh gann sin ar an bhaile mhór gur thug lucht gréasaíochta lán mála óir dom ar sheithe mo chapaill,"" arsa Cathal Óg.",,
"""Is fíor sin,"" arsa fear de na fir. ""Ach níl sé inár gcumas an baile a bhaint amach anocht, agus cad é is fearr dúinn a dhéanamh?""","Is fíor sin, arsa fear de na fir, ach níl sé inár gcumas an baile a bhaint amach anocht agus cad é is fearr dúinn a dhéanamh.","Is fíor sin, arsa fear de na fir, ach níl sé inár gcumas an baile a bhaint amach anocht agus cad é is fearr dúinn a dhéanamh.","deletion: ""; deletion: ""; substitution: .->,; substitution: ""->ach; deletion: Ach; deletion: ,; substitution: ?->.; deletion: ""","deletion: ""; deletion: ""; substitution: .->,; substitution: ""->ach; deletion: Ach; deletion: ,; substitution: ?->.; deletion: """
Bhí Conall ina fhear thréan san am seo agus thoiligh an lánúin an leanbh a thabhairt dó.,Bhí Conall ina fhear thréan san am seo agus thoiligh an lánúin an leanbh a thabhairt dó.,Bhí Conall ina fhear thréan san am seo agus thoiligh an lánúin an leanbh a thabhairt dó.,,
"""Tá,"" arsa an fear óg, ""iad féin agus a luach a bheith liom chun an bhaile.""","""Tá,"" arsa an fear óg, ""iad féin agus a luach a bheith liom chun an bhaile.""","""Tá,"" arsa an fear óg, ""iad féin agus a luach a bheith liom chun an bhaile.""",,
"D'imigh mo dhuine bocht go lúcháireach ag tarraingt ar an bhaile, na caoirigh á dtiomáint roimhe aige agus luach na holla leis ina sparán.","D'imigh mo dhuine bocht go lúcháireach ag tarraingt ar an bhaile, na caoirigh á dtiomáint roimhe aige agus luach na holla leis ina sparán.","D'imigh mo dhuine bocht go lúcháireach ag tarraingt ar an bhaile, na caoirigh á dtiomáint roimhe aige agus luach na holla leis ina sparán.",,
"""Má d'éirigh féin, chan i nganfhios dom,"" arsa an mac. ""Bhí mé i m'ealaí mhagaidh ag lucht an aonaigh i rith an lae.""","""Má d'éirigh féin, chan i nganfhios dom,"" arsa an mac, ""bhí mé i m'ealaí mhagaidh ag lucht an aonaigh i rith an lae.""","Má d'éirigh féin, chan i nganfhios dom, arsa an mac, bhí mé i m'ealaí mhagaidh ag lucht an aonaigh i rith an lae.","substitution: .->,; substitution: Bhí->bhí","deletion: ""; deletion: ""; substitution: .->,; substitution: ""->bhí; deletion: Bhí; deletion: """
"Chuir sí teachtaireacht anonn go Sasana, agus nuair a chuala an rí cad é mar a bhí, d'athraigh sé a intinn fá Ghobán tSaor a chur chun báis.","Chuir sí teachtaireacht anonn go Sasana agus nuair a chuala an rí cad é mar a bhí, d'athraigh sé a intinn fá Ghobán tSaor a chur chun báis.","Chuir sí teachtaireacht anonn go Sasana agus nuair a chuala an rí cad é mar a bhí, d'athraigh sé a intinn fá Ghobán tSaor a chur chun báis.","deletion: ,","deletion: ,"
"""Agus ba mheasa an chailleach na an t-iomlán,"" ar seisean, ""ach b'fhiú mo shaothar uilig é, nó is liom féin caisleán na bhfathach agus a saibhreas as seo amach.""","Agus ba mheasa an chailleach na an t-iomlán, ar seisean, ach b'fhiú mo shaothar uilig é nó is liom féin Caisleán na bhFathach agus a saibhreas as seo amach.","Agus ba mheasa an chailleach na an t-iomlán, ar seisean, ach b'fhiú mo shaothar uilig é nó is liom féin Caisleán na bhFathach agus a saibhreas as seo amach.","deletion: ""; deletion: ""; deletion: ""; deletion: ,; substitution: caisleán->Caisleán; substitution: bhfathach->bhFathach; deletion: ""","deletion: ""; deletion: ""; deletion: ""; deletion: ,; substitution: caisleán->Caisleán; substitution: bhfathach->bhFathach; deletion: """
"16:010: An gceolfá véarsa amháin dó sin dúinn, a Chlíodhna?","16:01.0: An gceolfá véarsa amháin dó sin dúinn, a Chlíodhna?","16:01.0: An gceolfá véarsa amháin dó sin dúinn, a Chlíodhna?",substitution: 010->01; insertion: .; insertion: 0,substitution: 010->01; insertion: .; insertion: 0
And I were to be talking to my fair Taimín and I would not find the night long.,And I were to be talking to my fair Taimín and I would not find the night long.,And I were to be talking to my fair Taimín and I would not find the night long.,,
